{"cameraMode":{"drawMode":0,"name":"Shaded","section":"Shading Mode"},"sceneLighting":false,"audioPlay":false,"sceneViewState":{"showFog":true,"showMaterialUpdate":false,"showSkybox":false,"showFlares":true,"showImageEffects":true,"showParticleSystems":true},"in2DMode":false,"pivot":{"x":0.040584564208984378,"y":2.827852249145508,"z":1.044816493988037},"rotation":{"x":-0.2891535758972168,"y":0.4284861087799072,"z":-0.14691601693630219,"w":-0.8433313369750977},"size":2.379152774810791,"orthographic":false}